product,n samples,set
agda,4000,train
ghc,4000,train
gcc-xtensa-lx106,4000,train
fricas,4000,train
gcc-13,4000,train
grass,4000,train
haskell-opengl,4000,train
haxml,4000,train
gcc-12-cross-mipsen,4000,train
grub2,4000,train
pandoc,4000,train
haskell-gtk,4000,train
haskell-graphviz,4000,train
gcc-riscv64-unknown-elf,4000,train
haskell-gtk3,4000,train
darcs,4000,train
metaeuk,4000,train
uuagc,4000,train
gcc-10-cross,4000,train
propellor,4000,train
haskell-stack,115,test
poppler,3,test
haskell-gi-gio,118,test
gcc-12-cross,48,test
parrot,1,test
haskell-lambdahack,137,test
ovn,2,test
gnome-chemistry-utils,5,test
haskell-basic-prelude,1,test
rplay,2,test
vlc,7,test
openfoam,32,test
python-scipy,42,test
haskell-tar,13,test
haskell-gi-harfbuzz,23,test
dpdk,39,test
xfce4-cpufreq-plugin,2,test
haskell-raaz,22,test
gtk+3.0,4,test
gdb,10,test
mate-settings-daemon,2,test
gcc-10,120,test
haskell-polyparse,3,test
ldb,4,test
exfatprogs,2,test
haskell-openglraw,65,test
haskell-ofx,8,test
gfal2,6,test
haskell-what4,60,test
haskell-http2,36,test
libtext-mecab-perl,1,test
llvm-toolchain-7,48,test
kamailio,80,test
haskell-glfw,4,test
gimp,20,test
scalapack,94,test
nim,7,test
haskell-hakyll,51,test
kwin,13,test
fwbuilder,18,test
lm-sensors,1,test
user-mode-linux,47,test
haskell-gi-cairo,27,test
ros-image-common,1,test
gcc-13-cross,141,test
firejail,3,test
gcc-11-cross-ports,42,test
haskell-dhall,36,test
ncbi-blast+,15,test
gcc-11-cross,47,test
gcc-7,63,test
uim,1,test
kfilemetadata,3,test
haskell-curl,94,test
rsass,1,test
haskell-sdl2,53,test
paxctl,1,test
haskell-uulib,33,test
dcmtk,42,test
gst-plugins-bad1.0,77,test
openmolcas,15,test
haskell-fclabels,6,test
haskell-persistent,25,test
haskell-djinn-ghc,1,test
openturns,25,test
haskell-gi-gtk,181,test
openrc,16,test
haskell-iproute,10,test
gcc-6,64,test
haskell-ncurses,39,test
haskell-smtp-mail,12,test
vtk-dicom,5,test
js-of-ocaml,3,test
haskell-tidal,21,test
haskell-hsopenssl,24,test
haskell-juicypixels,42,test
gcc-11-cross-mipsen,178,test
postgresql-q3c,1,test
haskell-parsers,11,test
kraft,88,test
pigment,2,test
haskell-regex-tdfa,32,test
lordsawar,2,test
subversion,19,test
amanda,54,test
mmseqs2,81,test
haskell-cabal,44,test
haskell-hledger,60,test
gcc-13-cross-ports,109,test
haskell-text-icu,129,test
haskell-aeson-diff,3,test
haskell-linear,15,test
haskell-sbv,113,test
boost1.67,20,test
binutils-arm-none-eabi,44,test
freeorion,6,test
gcc-9,170,test
cadaver,2,test
haskell-github,70,test
ns3,63,test
log4cplus,1,test
haskell-foundation,33,test
haskell-pantry,29,test
borgbackup,1,test
haskell-websockets,11,test
libreoffice,72,test
acl2,53,test
galax,25,test
proj,3,test
vtk,4,test
libmcrypt,1,test
gcc-sh-elf,21,test
haskell-gi-pango,65,test
haskell-x11,20,test
mesa,62,test
haskell-gi-glib,141,test
gcc-11,135,test
gnuastro,14,test
mtink,4,test
bind9,87,test
binutils,107,test
mbedtls,2,test
xmppc,1,test
haskell-cryptol,192,test
haskell-pcap,25,test
allure,70,test
mia,48,test
gcc-12,97,test
nghttp2,3,test
glirc,62,test
dlm,1,test
goffice,4,test
haskell-lens,38,test
sysstat,7,test
taffybar,29,test
haskell-gi-atk,57,test
atheme-services,93,test
bitlbee,3,test
gcc-8-cross-ports,31,test
openmpi,25,test
hasktags,8,test
haskell-misfortune,6,test
haskell-bz2,6,test
abyss,17,test
binutils-xtensa-lx106,28,test
haskell-hxt,46,test
haskell-gitlib,10,test
brltty,5,test
gcc-9-cross,100,test
sidplay-libs,1,test
gcc-12-cross-ports,27,test
haskell-resolv,20,test
gcc-or1k-elf,2,test
libguestfs,9,test
gcc-9-cross-mipsen,85,test
haskell-cryptonite,49,test
haskell-memory,17,test
pulseaudio,103,test
boost1.81,15,test
haskell-djinn-lib,12,test
medusa,13,test
haskell-cabal-install,62,test
ocaml-ctypes,3,test
ruby-narray,1,test
openjpeg2,1,test
gcc-9-cross-ports,97,test
haskell-sdl-image,3,test
haskell-memotrie,2,test
haskell-sdl,100,test
haskell-fast-logger,3,test
nsd,1,test
h5utils,3,test
filezilla,7,test
haskell-hledger-ui,26,test
wcstools,17,test
pnetcdf,2,test
haskell-generic-lens,3,test
freedink,3,test
haskell-tls,88,test
pvm,5,test
gettext,19,test
curry-base,26,test
util-linux,37,test
sagemath,11,test
haskell-uniplate,10,test
kdenlive,2,test
grub-customizer,1,test
haskell-unlambda,8,test
fcitx,5,test
gcc-6-cross-ports,26,test
haskell-aeson,16,test
aom,2,test
yi,123,test
kst,18,test
wireshark,9,test
singular,12,test
haskell-recursion-schemes,3,test
haskell-word-trie,2,test
haskell-yesod-auth,19,test
haskell-servant,10,test
haskell-texmath,25,test
iraf,1,test
llvm-toolchain-6.0,61,test
avogadro,3,test
elfutils,20,test
haskell-cmdargs,24,test
haskell-xml-types,5,test
haskell-miniutter,7,test
haskell-gtk-sni-tray,1,test
python-pyxattr,1,test
spatialite-tools,2,test
haskell-entropy,2,test
haskell-shake,38,test
digikam,33,test
haskell-text-show,14,test
spacezero,2,test
qtcreator,170,test
xfce4-whiskermenu-plugin,1,test
haskell-aws,87,test
haskell-cairo,59,test
hol88,46,test
gcc-8,62,test
gcl,31,test
haskell-gi-gobject,18,test
farstream-0.2,1,test
php8.2,5,test
glib2.0,3,test
haskell-quickcheck-instances,1,test
znc,29,test
haskell-happstack-server,1,test
rc,1,test
haskell-yesod-persistent,1,test
haskell-singletons,8,test
systemd,86,test
xrootd,31,test
mecab,2,test
haskell-generic-trie,5,test
haskell-glut,68,test
haskell-haskell-gi,22,test
haskell-hsyslog,12,test
haskell-hsyaml,21,test
haskell-swish,62,test
haskell-hint,46,test
dhcpcd5,2,test
haskell-appar,1,test
gcc-8-cross-mipsen,26,test
frr,10,test
haskell-warp-tls,4,test
links2,43,test
haskell-haskell-src,29,test
scotch,28,test
haskell-commonmark,2,test
haskell-sdl-mixer,5,test
haskell-mime-mail-ses,2,test
xfce4-power-manager,4,test
haskell-resourcet,11,test
kde-runtime,18,test
haskell-hscurses,6,test
haskell-clash-ghc,59,test
haskell-language-c,79,test
haskell-file-location,2,test
python3.11,1,test
ufo-core,1,test
lua-posix,5,test
efl,8,test
influxdb,1,test
haskell-warp,29,test
gnupg1,2,test
ettercap,23,test
isc-kea,11,test
espresso,39,test
audacious-plugins,2,test
haskell-hinotify,18,test
haskell-dbus,32,test
valgrind,13,test
wmcoincoin,2,test
squeezelite,2,test
lyx,3,test
haskell-split,4,test
util-vserver,16,test
boost1.71,4,test
haskell-glib,19,test
pynfft,6,test
tina,2,test
haskell-th-lift,1,test
emoslib,23,test
haskell-tasty-rerun,3,test
monitoring-plugins,38,test
ark,5,test
wine-development,14,test
haskell-x509,24,test
rdkit,3,test
haskell-uuid,5,test
oce,7,test
haskell-free,11,test
opensurgsim,17,test
libssh,5,test
pdl,28,test
haskell-bifunctors,8,test
gcc-10-cross-ports,79,test
writerperfect,6,test
haskell-vty,46,test
cp2k,8,test
haskell-midi,4,test
haskell-skylighting,20,test
xball,1,test
conky,6,test
fizmo,1,test
libdevel-mat-perl,1,test
haskell-repline,2,test
cairo-dock-plug-ins,21,test
ldc,13,test
mumps,15,test
orthanc-webviewer,10,test
gcc-8-cross,58,test
ulatencyd,1,test
inspircd,86,test
burgerspace,2,test
perdition,4,test
lsp-plugins,39,test
haskell-numbers,7,test
nbsdgames,9,test
haskell-debian,30,test
grads,8,test
juffed,5,test
haskell-equivalence,2,test
deal.ii,1,test
haskell-th-desugar,10,test
nut,33,test
eterm,2,test
haskell-hxt-tagsoup,2,test
haskell-show,1,test
haskell-trifecta,22,test
gocr,1,test
kannel,19,test
nss,7,test
haskell-cmark,5,test
openafs,28,test
glibc,70,test
haskell-copilot-core,2,test
haskell-tagsoup,15,test
haskell-basement,24,test
incron,2,test
rrdtool,8,test
libambix,1,test
haskell-inline-c,10,test
mafft,14,test
haskell-cmark-gfm,2,test
haskell-chart,39,test
aircrack-ng,4,test
cups,12,test
siggen,1,test
rdma-core,8,test
xmobar,50,test
gcc-arm-none-eabi,58,test
bcftools,15,test
kdeconnect,2,test
mailutils,39,test
webdruid,1,test
389-dsgw,1,test
d-conf,3,test
ncftp,7,test
gnutls28,13,test
mrpt,3,test
postgresql-11,12,test
libhash-sharedmem-perl,1,test
haskell-hslua,17,test
fldigi,2,test
libgpg-error,2,test
haskell-hookup,9,test
haskell-gsasl,12,test
haskell-gio,65,test
haskell-musicbrainz,9,test
keepalived,6,test
haskell-feed,27,test
xmonad,27,test
yafc,1,test
haskell-sha,4,test
copyq,11,test
llvm-toolchain-14,10,test
scrypt,1,test
haskell-hsini,4,test
ulogd2,13,test
gcc-6-cross,32,test
radare2,11,test
haskell-doctest,28,test
binutils-mipsen,63,test
haproxy,7,test
liboggz,3,test
haskell-primes,3,test
yt,2,test
relion,10,test
libica,1,test
haskell-io-streams,8,test
haskell-gloss,49,test
fw4spl,1,test
haskell-xml,10,test
haskell-mmap,3,test
rsyslog,14,test
haskell-smtlib,18,test
lomiri,3,test
proftpd-mod-geoip2,3,test
open-vm-tools,7,test
scilab,10,test
octave,44,test
open-coarrays,37,test
pidgin-mpris,1,test
haskell-yaml,34,test
haskell-pango,42,test
git,15,test
glfer,3,test
grhino,1,test
qxmpp,1,test
netatalk,12,test
haskell-random-fu,5,test
haskell-socks,13,test
nbdkit,15,test
haskell-lzma,8,test
haskell-lifted-async,3,test
libvirt,47,test
lsdvd,1,test
capnproto,16,test
haskell-openpgp,3,test
mariadb-10.3,2,test
haskell-brick,20,test
csmith,1,test
gst-plugins-ugly1.0,9,test
gross,1,test
freeipmi,12,test
slony1-2,1,test
almanah,3,test
gdcm,18,test
jigdo,1,test
kde-cli-tools,5,test
modsecurity-apache,2,test
haskell-ghc-events,60,test
gammaray,26,test
sqliteodbc,1,test
openms,41,test
gvfs,8,test
scipy,12,test
gopchop,1,test
audit,2,test
fitsh,2,test
haskell-hedis,22,test
haskell-gi-gdk,83,test
haskell-monadlib,4,test
nmh,52,test
python-fabio,1,test
lua-yaml,3,test
libdbi-drivers,2,test
gnome-system-monitor,1,test
haskell-http,37,test
kdepim4,2,test
haskell-hsemail,7,test
haskell-splitmix,2,test
haskell-quickcheck,12,test
e2fsprogs,15,test
haskell-repa,16,test
boost,4,test
haskell-statistics,15,test
haskell-cryptohash,4,test
lxi-tools,2,test
haskell-yesod-form,17,test
subvertpy,1,test
gst-plugins-good1.0,49,test
aprsdigi,2,test
openchange,6,test
ddd,4,test
mlpack,17,test
boost1.74,18,test
cmake,6,test
haskell-descriptive,4,test
nng,1,test
golang-1.19,6,test
libpdl-io-hdf5-perl,1,test
haskell-haskeline,2,test
exactimage,5,test
llvm-toolchain-3.8,6,test
innoextract,1,test
flameshot,2,test
nvi,3,test
lua-sql,8,test
fwupd,7,test
lua-rexlib,2,test
haskell-iconv,7,test
haskell-tuple,2,test
haskell-wreq,10,test
haskell-hpack,49,test
ascd,1,test
view3dscene,2,test
gnuit,2,test
binutils-m68hc1x,5,test
haskell-diagrams-lib,12,test
gnuradio,14,test
geany,5,test
libcoap3,2,test
cross-toolchain-base-mipsen,11,test
kwave,14,test
megatools,6,test
plasma-sdk,2,test
ocaml-config-file,1,test
libgaminggear,1,test
haskell-hedgehog,15,test
tdc,2,test
haskell-ircbot,6,test
purple-plugin-pack,13,test
sga,10,test
freetds,5,test
yabause,4,test
haskell-gluraw,1,test
gss,4,test
cpl,4,test
halide,1,test
chicken,3,test
haskell-hopenpgp,47,test
pg-repack,1,test
mlmmj,6,test
zynaddsubfx,4,test
snapd,4,test
pidgin-sipe,2,test
haskell-snap-server,9,test
fuse-emulator-utils,9,test
dleyna-core,1,test
389-ds-base,8,test
pygobject-2,5,test
hfsutils,4,test
haskell-fb,26,test
guile-3.0,35,test
haskell-hoauth2,6,test
elektra,18,test
haskell-static-hash,3,test
xscreensaver,17,test
bacula,35,test
haskell-hledger-web,28,test
wmcpuload,1,test
evolution-data-server,16,test
pmacct,7,test
evolution,9,test
libabigail,2,test
budgie-desktop,2,test
cfengine3,3,test
haskell-mime,15,test
haskell-tasty-quickcheck,1,test
macopix,3,test
haskell-edison-api,6,test
hscolour,18,test
solarpowerlog,2,test
libhttp-parser-xs-perl,1,test
kgames,30,test
hfst,15,test
btop,1,test
haskell-fgl,10,test
pytables,5,test
haskell-yi-language,21,test
haskell-chell,3,test
haskell-snap,15,test
ldap-haskell,27,test
glom,2,test
python-fisx,4,test
haskell-configurator,4,test
haskell-hledger-lib,28,test
haskell-yi-frontend-vty,2,test
gnat-4.9,15,test
haskell-unordered-containers,1,test
anfo,2,test
llvm-toolchain-9,10,test
tpm-tools,3,test
apache2,16,test
mgt,1,test
haskell-hdf5,21,test
pd-unauthorized,3,test
binutils-mingw-w64,10,test
eb,4,test
pioneers,3,test
binutils-z80,5,test
haskell-hourglass,15,test
multitail,2,test
libcxgb3,1,test
obexpushd,1,test
gnome-software,4,test
hunt,1,test
pure-ftpd,6,test
allegro5,5,test
flrig,3,test
gnu-smalltalk,3,test
smartmontools,2,test
hlint,39,test
haskell-snap-core,17,test
presage,2,test
hypre,8,test
php7.0,5,test
haskell-edison-core,6,test
dbus,72,test
typespeed,2,test
llvm-toolchain-11,13,test
hdbc,19,test
proxychains-ng,1,test
qtpass,1,test
haskell-svg-builder,6,test
icu,4,test
eclipse-titan,3,test
pyyaml,1,test
pg-checksums,2,test
haskell-network,27,test
mozillavpn,2,test
h5py,20,test
haskell-yesod,3,test
haskell-language-c99,3,test
photoqt,3,test
spice-gtk,2,test
haskell-digest,2,test
libgnomeui,1,test
device-tree-compiler,6,test
bwm-ng,1,test
sane-frontends,2,test
libdivsufsort,2,test
libinput,3,test
llvm-toolchain-8,10,test
xboard,1,test
cgminer,3,test
jpilot,3,test
abiword,8,test
binutils-bpf,13,test
rspamd,12,test
python-levenshtein,1,test
libwebsockets,8,test
shellcheck,44,test
xymon,22,test
haskell-hsp,6,test
scikit-learn,3,test
calamares,21,test
msxpertsuite,1,test
claws-mail,10,test
pork,1,test
yuzu,38,test
ocaml,10,test
haskell-config-ini,3,test
haskell-http-client,11,test
qdbm,4,test
gtksourceview5,2,test
haskell-yesod-core,22,test
haskell-uglymemo,1,test
haskell-conduit,9,test
unac,1,test
iwd,4,test
buzztrax,3,test
haskell-invariant,3,test
gringotts,1,test
gnss-sdr,1,test
ghc-mod,11,test
plasma-workspace,6,test
courier,18,test
haskell-extra,6,test
haskell-say,2,test
libftdi1,1,test
haskell-tasty,27,test
mkvtoolnix,2,test
quota,4,test
haskell-hmatrix,34,test
cvs-fast-export,2,test
cyrus-imapd,5,test
gnumeric,39,test
freqtweak,1,test
nam,1,test
bytes-circle,1,test
haskell-pretty-show,13,test
haskell-nanospec,4,test
ktorrent,5,test
k3d,26,test
odin,12,test
libjpeg-turbo,3,test
woff2,1,test
bitlbee-facebook,1,test
haskell-libyaml,6,test
github-backup,1,test
centreon-broker,4,test
espeakedit,1,test
paulstretch,1,test
udftools,3,test
elogind,1,test
libfile-libmagic-perl,1,test
libapache-mod-musicindex,2,test
psycopg2,3,test
vala,3,test
thc-ipv6,8,test
lldpd,3,test
haskell-path,3,test
xalan,2,test
haskell-zip-archive,2,test
unifrac-tools,1,test
dose3,3,test
collectd,13,test
iio-sensor-proxy,1,test
gnats,2,test
ceph,13,test
rust-exa,1,test
flasm,1,test
haskell-vector-space,6,test
meep-lam4,2,test
vxl,5,test
tripwire,11,test
remctl,1,test
haskell-adjunctions,10,test
haskell-distributive,2,test
sip-tester,1,test
haskell-attoparsec,10,test
pidgin,19,test
haskell-haskore,10,test
haskell-yesod-auth-oauth,2,test
cryptsetup,7,test
gprbuild,2,test
proftpd-mod-autohost,1,test
cctools,11,test
argus-clients,12,test
missingh,20,test
rhythmbox,2,test
cutecom,2,test
haskell-cipher-des,4,test
libvistaio,2,test
casacore,4,test
libdatetime-perl,1,test
libjson-parse-perl,2,test
haskell-logict,2,test
snoopy,1,test
kget,5,test
exonerate,8,test
cfengine2,1,test
libnet-dns-sec-perl,1,test
haskell-boolean,4,test
polyml,8,test
prometheus-bind-exporter,1,test
haskell-shakespeare,19,test
entropybroker,9,test
munin-c,1,test
gromacs,8,test
python-pysqlite2,2,test
kdepim,1,test
openvswitch,6,test
python2.7,2,test
opensips,13,test
haskell-mtl,3,test
haskell-hit,15,test
gramofile,1,test
libselinux,3,test
limba,1,test
haskell-xmlhtml,7,test
trilinos,25,test
haskell-hindent,6,test
zeroc-ice,14,test
haskell-nettle,12,test
iodine,1,test
man-db,20,test
klayout,21,test
kxd,1,test
haskell-cassava,5,test
gcc-mingw-w64,29,test
libwx-glcanvas-perl,1,test
haskell-some,3,test
vinagre,1,test
libgetdata,5,test
anjuta,4,test
mate-session-manager,1,test
haskell-gitrev,2,test
haskell-shelly,4,test
goban,3,test
gcc-10-cross-mipsen,92,test
tmfs,1,test
timeshift,2,test
haskell-boomerang,9,test
gmime,1,test
nmapsi4,1,test
lsscsi,1,test
haskell-prim-uniq,2,test
qca2,1,test
haskell-lumberjack,1,test
swapspace,2,test
chromaprint,1,test
nap,2,test
gst-plugins-base1.0,14,test
knot,12,test
adios,7,test
fifechan,4,test
haskell-contravariant-extras,1,test
haskell-sql-words,23,test
haskell-gi-gdkpixbuf,3,test
haskell-dns,26,test
haskell-aeson-qq,5,test
libhdf4,8,test
rss2irc,16,test
haskell-leksah,13,test
thunderbird,13,test
haskell-tree-monad,1,test
haskell-http-date,3,test
bibletime,3,test
yodl,2,test
libmwaw,1,test
haskell-multistate,3,test
rifiuti2,1,test
php7.4,5,test
wmcube,1,test
haskell-dlist,2,test
haskell-regex-pcre,3,test
msn-pecan,1,test
twisted,1,test
haskell-aeson-pretty,5,test
fcitx-configtool,3,test
libnbd,1,test
libre,2,test
haskell-intern,9,test
haskell-utility-ht,1,test
getdns,1,test
hidrd,1,test
tcpick,1,test
haskell-blaze-html,2,test
bareos,18,test
tin,2,test
haskell-safecopy,4,test
mssh,1,test
haskell-config-value,4,test
haskell-arrows,9,test
tudu,3,test
haskell-auto-update,5,test
haskell-hxt-xpath,1,test
corosync,5,test
haskell-derive,27,test
xournal,2,test
haskell-jmacro,13,test
aspectc++,2,test
uniutils,4,test
mongrel2,12,test
haskell-butcher,6,test
krb5-auth-dialog,1,test
gpsd,14,test
dwarves-dfsg,4,test
pspp,6,test
atlas,36,test
haskell-hspec-core,11,test
gom,1,test
wpa,16,test
sympow,1,test
haskell-cgi,6,test
pari,1,test
xrdp,2,test
nncp,10,test
gnome-chess,1,test
netcdf-cxx-legacy,1,test
memcached,2,test
haskell-microlens-ghc,1,test
haskell-hspec-wai,8,test
encfs,2,test
tilem,4,test
libinfinity,2,test
aerc,1,test
iverilog,7,test
chron,2,test
maxima,8,test
guitarix,1,test
calendar,1,test
faudio,2,test
haskell-hunit,9,test
syslog-ng,48,test
haskell-citeproc,12,test
secure-delete,1,test
haskell-bmp,10,test
python-msgpack,1,test
kivy,5,test
transcode,2,test
lsh-utils,15,test
tomboy-ng,3,test
celluloid,1,test
inadyn,1,test
aumix,3,test
haskell-scientific,3,test
gsoap,4,test
gupnp-tools,1,test
dcm2niix,5,test
kopete,11,test
postfix,22,test
carettah,14,test
haskell-random,1,test
pidgin-blinklight,1,test
libxml-bare-perl,1,test
haskell-hosc,7,test
haskell-http-streams,3,test
clonalframeml,1,test
xnee,1,test
chip-seq,6,test
haskell-iospec,11,test
groff,14,test
rdfind,1,test
emerald,1,test
wine,12,test
ktp-auth-handler,1,test
python-bsddb3,3,test
midori,3,test
libxmlb,3,test
grib-api,5,test
flatpak,33,test
bluez,12,test
diod,3,test
ismrmrd,2,test
wmnd,2,test
haskell-clash-lib,16,test
haskell-unliftio,10,test
libwfut,1,test
hylafax,4,test
cbmc,8,test
xapian-core,8,test
haskell-blaze-markup,3,test
kadu,1,test
alfa,3,test
slurm-wlm,5,test
wimlib,6,test
haskell-esqueleto,13,test
whois,2,test
nfdump,3,test
haskell-mockery,2,test
jattach,1,test
i3-wm,15,test
gnat-mingw-w64,13,test
bnfc,17,test
geary,3,test
hoauth,2,test
haskell-bytedump,5,test
xoscope,2,test
libbareword-filehandles-perl,1,test
gopass,1,test
ekeyd,1,test
netcdf4-python,1,test
desmume,2,test
marble,16,test
repmgr,1,test
haskell-cond,1,test
wmxres,1,test
pktools,6,test
haskell-parallel,3,test
zsh,2,test
qink,1,test
gcc-4.9,33,test
libkf5kgeomap,1,test
kbd,6,test
haskell-yi-keymap-vim,3,test
dolphin-emu,5,test
aqsis,7,test
libical3,1,test
coreutils,21,test
pillow,9,test
mp4h,1,test
mboxgrep,2,test
haskell-memoize,1,test
spice-vdagent,2,test
grok,2,test
sg3-utils,11,test
ddnet,8,test
libffado,4,test
llvm-toolchain-16,4,test
haskell-only,1,test
haskell-gi-dbusmenu,3,test
apbs,3,test
mtd-utils,17,test
cvc4,1,test
lam,3,test
liblscp,1,test
libetonyek,2,test
haskell-wai-extra,17,test
haskell-hxt-curl,1,test
lilypond,6,test
xqf,3,test
strongswan,4,test
crashmail,5,test
hwloc,5,test
xdrawchem,6,test
ossp-uuid,4,test
libpcap,2,test
libdbd-sqlite3-perl,1,test
ekiga,2,test
palp,2,test
regina-normal,8,test
rtkit,1,test
haskell-criterion,11,test
haskell-temporary,3,test
haskell-primitive,5,test
rygel,3,test
deets,2,test
ima-evm-utils,1,test
arc-gui-clients,2,test
haskell-clock,3,test
skimage,5,test
haskell-newtype,1,test
chipmunk,1,test
haskell-mustache,8,test
firefox,2,test
gpac,4,test
icewm,7,test
pcre2,5,test
curl,12,test
kim-api,6,test
lostirc,1,test
ocserv,5,test
postgresql-15,20,test
postgresql-13,14,test
haskell-libmpd,24,test
geographiclib,7,test
cgal,1,test
hslogger,2,test
haskell-filemanip,6,test
guiqwt,1,test
fmtools,2,test
httping,3,test
deja-dup,2,test
oggvideotools,2,test
python3-stdlib-extensions,2,test
haskell-ghc-syb-utils,1,test
tweak,1,test
rosegarden,2,test
collatinus,16,test
openipmi,1,test
connman,2,test
redis,7,test
trustedqsl,3,test
binutils-riscv64-unknown-elf,17,test
r-base,1,test
xpdf,1,test
aseba,5,test
nasm,1,test
libshout-idjc,2,test
haskell-asn1-types,8,test
cssc,8,test
hunspell,2,test
lierolibre,1,test
tinymux,1,test
weechat,5,test
procps,11,test
libppi-xs-perl,2,test
argyll,2,test
libmaxminddb,1,test
netavark,1,test
httest,6,test
guix,4,test
libqofono,6,test
gcc-4.8,21,test
wikidiff2,1,test
gjiten,4,test
nemo,2,test
haskell-hxt-relaxng,12,test
astropy,2,test
rancid,1,test
libdeflate,2,test
tidy-html5,3,test
kmix,1,test
unscd,1,test
haskell-microstache,4,test
ogmtools,2,test
light-locker,1,test
stretchplayer,1,test
rust-protobuf-codegen,2,test
haskell-mime-mail,5,test
sharutils,6,test
haskell-test-framework,3,test
haskell-zlib,13,test
haskell-twitter-types,1,test
haskell-aeson-extra,4,test
glimpse,1,test
paexec,1,test
libstorj,1,test
haskell-cookie,2,test
tiptop,2,test
yad,1,test
memo,1,test
toppler,1,test
haskell-abstract-par,2,test
visp,2,test
geeqie,1,test
icecast2,2,test
haskell-jwt,5,test
pycairo,2,test
haskell-blaze-svg,4,test
haskell-active,1,test
avahi,5,test
jeex,4,test
epcr,1,test
haskell-comonad,8,test
survex,5,test
liblchown-perl,1,test
haskell-glob,10,test
mosh,2,test
libcrypt-dh-gmp-perl,1,test
haskell-configfile,4,test
gridsite,2,test
cpphs,16,test
licq,1,test
kvirc,6,test
lz4,1,test
vorbis-tools,4,test
seer,3,test
haskell-crypto-api,8,test
libbitcoin,1,test
spacenavd,1,test
greed,1,test
nvidia-texture-tools,2,test
haskell-gtksourceview2,1,test
haskell-web-routes,1,test
haskell-fgl-arbitrary,1,test
indent,1,test
alljoyn-thin-client-1604,12,test
haskell-leksah-server,1,test
belle-sip,1,test
xfce4-dict,2,test
haskell-diagrams-svg,4,test
openhpi,17,test
haskell-cborg,11,test
bluefish,3,test
haskell-aeson-compat,2,test
ffmpeg,14,test
godot,5,test
haskell-psqueue,3,test
pdns,5,test
haskell-oeis,8,test
wmget,1,test
haskell-userid,2,test
haskell-data-accessor-mtl,1,test
syncevolution,3,test
aubio,3,test
jocaml,2,test
haskell-monad-par,8,test
haskell-heist,11,test
busybox,20,test
perl-tk,6,test
libpsl,1,test
haskell-yi-core,34,test
prometheus-apache-exporter,1,test
gconf,1,test
haskell-bytes,4,test
lasso,3,test
haskell-dual-tree,2,test
libcrypt-openssl-bignum-perl,1,test
tree,1,test
gnucobol,4,test
haskell-utf8-light,2,test
autodocksuite,1,test
gnucash,6,test
dune-uggrid,6,test
haskell-lens-action,2,test
srecord,2,test
gstreamer-vaapi,1,test
zita-rev1,1,test
abinit,19,test
haskell-fsnotify,7,test
rust-fd-find,2,test
socnetv,8,test
foxeye,4,test
nginx,10,test
certmonger,4,test
hercules,5,test
ddccontrol,1,test
yasm,1,test
haskell-hjavascript,2,test
okular,2,test
haskell-interpolate,1,test
foxtrotgps,1,test
r-cran-rlang,1,test
openconnect,1,test
nettle,5,test
haskell-setlocale,5,test
xss-lock,1,test
atop,2,test
epiphany-browser,2,test
haskell-operational,2,test
haskell-fingertree,5,test
haskell-http-conduit,3,test
shotwell,2,test
asc,1,test
ktp-text-ui,1,test
panicparse,1,test
fqterm,1,test
libclass-xsaccessor-perl,3,test
haskell-dice,10,test
haskell-wai-logger,5,test
haskell-uri,1,test
haskell-webkit,1,test
utox,4,test
advancecomp,2,test
qterm,1,test
haskell-generic-data,1,test
golang-1.20,6,test
cpp-hocon,1,test
haskell-presburger,6,test
flite,4,test
libbssolv-perl,1,test
xpuzzles,3,test
nfs-ganesha,11,test
haskell-megaparsec,14,test
icinga2,9,test
aqemu,1,test
libtext-charwidth-perl,1,test
raqm,1,test
haskell-markdown,10,test
centreon-connectors,2,test
haskell-lifted-base,1,test
ufraw,6,test
gpgme1.0,3,test
glpeces,3,test
jack-audio-connection-kit,2,test
libcoap2,5,test
libscope-upper-perl,1,test
kde4libs,10,test
xca,2,test
qtruby,1,test
haskell-doclayout,3,test
haskell-syb-with-class,1,test
xfdesktop4,1,test
haskell-wizards,3,test
proftpd-mod-proxy,13,test
haskell-pipes-safe,4,test
libprelude,2,test
mmh,14,test
slurm-llnl,5,test
mariadb,10,test
htop,4,test
orthanc-postgresql,4,test
haskell-ormolu,15,test
haskell-reform,13,test
blis,3,test
plptools,1,test
nanopolish,4,test
ncdu,2,test
haskell-listlike,4,test
haskell-reducers,4,test
supertux,3,test
dune-grid,6,test
plotnetcfg,2,test
haskell-enumerator,1,test
tclcl,1,test
kde-baseapps,4,test
haskell-mueval,2,test
haskell-oo-prototypes,2,test
squid3,6,test
lmdb,2,test
libmicrohttpd,1,test
python-afl,1,test
gauche,6,test
mariadb-10.1,3,test
haskell-brainfuck,7,test
lloconv,1,test
ax25-tools,5,test
haskell-pandoc-types,8,test
libsx,1,test
wvdial,1,test
pyicu,3,test
haskell-servant-client,2,test
goverlay,1,test
itcl3,1,test
xfsprogs,7,test
pcb-rnd,1,test
vpb-driver,3,test
libsdl-perl,10,test
haskell-url,5,test
gcab,2,test
haskell-simple-smt,5,test
haskell-alsa-core,1,test
fftw3,3,test
ganglia,3,test
lambdabot,6,test
ocrad,1,test
sope,7,test
polygraph,10,test
cvise,1,test
linphone,2,test
prads,1,test
yara,1,test
libmath-mpfr-perl,2,test
bibutils,4,test
infiniband-diags,7,test
glusterfs,6,test
doscan,1,test
openvdb,3,test
haskell-bindings-dsl,2,test
directfb,1,test
verbiste,1,test
haskell-getopt-generics,1,test
rust-hexyl,2,test
haskell-hackage-security,1,test
mikmod,2,test
dhcpcd-dbus,1,test
newlib,5,test
sysdig,1,test
zoo,1,test
ldns,6,test
haskell-tasty-kat,1,test
haskell-unliftio-core,1,test
erlang,1,test
mpich,3,test
blobby,2,test
gadmin-proftpd,1,test
flow-tools,7,test
golang-1.14,7,test
libperlio-layers-perl,1,test
tmispell-voikko,1,test
gatling,3,test
inn2,3,test
glbsp,2,test
uhd,6,test
haskell-base64-bytestring,1,test
pcb,3,test
haskell-punycode,3,test
libcrypt-unixcrypt-xs-perl,3,test
dnaclust,3,test
haskell-drbg,4,test
freemat,1,test
jkmeter,1,test
gnupg2,17,test
cdebconf,3,test
pidgin-otr,2,test
ecflow,5,test
astroml-addons,1,test
dpkg,5,test
haskell-text,5,test
mapserver,2,test
rcs,3,test
qastools,2,test
libterm-readline-gnu-perl,1,test
xdelta,2,test
gringo,2,test
metview,6,test
python3.10,1,test
uptimed,1,test
haskell-scanner,1,test
sane-backends,9,test
mumble,12,test
spirv,1,test
haskell-utf8-string,1,test
r-cran-rjags,1,test
haskell-wai,3,test
armnn,3,test
gqrx-sdr,1,test
pygtk,5,test
haskell-alut,1,test
ocaml-zarith,1,test
mysqltcl,1,test
haskell-sendfile,1,test
haskell-foldl,5,test
dis51,1,test
libref-util-perl,1,test
miniupnpd,1,test
moosefs,7,test
ices2,1,test
prometheus-mysqld-exporter,2,test
libgtk2-sourceview2-perl,1,test
aegis,2,test
stardict,3,test
uronode,4,test
haskell-rio,11,test
dianara,1,test
xfce4-settings,2,test
centrifuge,1,test
ccache,1,test
p3scan,2,test
haskell-hashtables,4,test
gst-plugins-bad0.10,4,test
haskell-http-media,5,test
haskell-pqueue,7,test
g2,2,test
zfp,1,test
haskell-enummapset,3,test
lirc,1,test
liblinux-prctl-perl,1,test
wmtv,1,test
lv2dynparam1,1,test
haskell-text-binary,3,test
lebiniou,2,test
gnudatalanguage,5,test
munipack,5,test
elm-compiler,1,test
robotfindskitten,1,test
sylpheed,2,test
blueman,1,test
dkopp,1,test
haskell-fdo-notify,8,test
whichman,1,test
hydra,1,test
gtkwave,1,test
haskell-bencode,5,test
libfabric,2,test
dadadodo,1,test
wlcs,2,test
antpm,1,test
tokyotyrant,1,test
libgdf,2,test
haskell-boxes,6,test
bibledit-cloud,1,test
herculesstudio,1,test
haskell-rfc5051,1,test
lxml,4,test
hashcheck,1,test
klatexformula,3,test
multimail,2,test
unison,9,test
kate,2,test
pth,1,test
littler,1,test
ocl-icd,1,test
wget2,1,test
choqok,10,test
libcamera,1,test
qgis,5,test
haskell-publicsuffixlist,8,test
sflphone,1,test
drawxtl,2,test
botan,3,test
mpb,3,test
svxlink,13,test
libsub-prototype-perl,2,test
tlsdate,1,test
fosfat,2,test
haskell-multipart,2,test
transmission,18,test
burrow,1,test
yadifa,2,test
votca-csg,2,test
libbsd-resource-perl,1,test
tk8.6,1,test
dx,1,test
taopm,1,test
goobox,1,test
gambas3,5,test
openmesh,1,test
haskell-yesod-test,6,test
haskell-psqueues,3,test
haskell-hmatrix-gsl,5,test
haskell-werewolf,6,test
lua-cyrussasl,1,test
voms,1,test
kdepimlibs,14,test
alex,2,test
haskell-gconf,1,test
haskell-floatinghex,3,test
gnome-video-arcade,1,test
haskell-copilot-language,2,test
burp,1,test
xine-ui,2,test
haskell-readline,6,test
pcaputils,1,test
golang-github-traefik-yaegi,1,test
llvm-toolchain-5.0,5,test
cunit,3,test
haskell-transformers-base,1,test
hdf5,5,test
radvd,2,test
haskell-protobuf,5,test
audiocd-kio,1,test
input-pad,1,test
privoxy,2,test
ndisc6,4,test
readline6,4,test
isync,5,test
llvm-toolchain-3.5,7,test
tortoize,2,test
haskell-reactive-banana,1,test
libmtp,5,test
haskell-xcb-types,5,test
haskell-hxt-http,3,test
telepathy-gabble,8,test
haskell-pipes-group,2,test
music,1,test
apngasm,2,test
nethack,4,test
pipewire,20,test
lyskom-server,2,test
clamfs,2,test
simgrid,2,test
ftjam,1,test
haskell-tldr,5,test
opensc,3,test
haskell-hslua-core,4,test
sqlite3,4,test
xdg-desktop-portal,2,test
forked-daapd,1,test
haskell-retry,1,test
haskell-binary-instances,1,test
haskell-crypto,6,test
jid,2,test
blockattack,2,test
liquidwar,3,test
haskell-th-expand-syns,1,test
cdo,1,test
glewlwyd,1,test
oomd,1,test
colord,3,test
oclgrind,5,test
instead,1,test
libvoikko,1,test
asmon,1,test
cubemap,1,test
haskell-gi-gdkx11,8,test
qt6-tools,1,test
cdtool,3,test
baloo,2,test
gbutils,7,test
python-drizzle,1,test
obexftp,2,test
warzone2100,2,test
gvpe,1,test
bzip2,2,test
tdb,1,test
buildapp,2,test
globus-gram-job-manager-lsf,1,test
pptp-linux,1,test
stressapptest,2,test
usepackage,1,test
haskell-git-lfs,2,test
mate-panel,2,test
snac2,1,test
pldebugger,1,test
haskell-vector,8,test
ayatana-indicator-power,2,test
pyfai,3,test
haskell-uuagc-cabal,3,test
grfcodec,3,test
haskell-gnuidn,5,test
maxima-sage,2,test
i3status,2,test
ssh-contact,4,test
findent,1,test
fullquottel,1,test
cycfx2prog,1,test
libzypp,1,test
tesseract,3,test
qlcplus,1,test
gtkatlantic,3,test
gyoto,3,test
brewtarget,1,test
amarok,3,test
dhcpd-pools,1,test
apt-cacher-ng,9,test
haskell-yi-keymap-emacs,2,test
haskell-hoogle,3,test
libproxy,2,test
lrzip,1,test
unbound,3,test
sparskit,1,test
cdrkit,5,test
xjadeo,1,test
fet,1,test
qt-gstreamer,3,test
mapcache,3,test
haskell-hspec,5,test
pipemeter,1,test
exiv2,1,test
bornagain,2,test
speech-dispatcher,2,test
haskell-dpkg,3,test
ants,11,test
jxrlib,2,test
ipv6toolkit,3,test
v4l-utils,5,test
zmap,2,test
libnet-bluetooth-perl,1,test
openjdk,4,test
conman,1,test
haskell-unix-time,3,test
python-numpy,3,test
llvm-toolchain-15,13,test
eperl,7,test
haskell-src-exts,1,test
zaz,1,test
ksirk,2,test
zeroinstall-injector,3,test
wmcore,1,test
llvm-toolchain-3.4,1,test
haskell-strict,2,test
haskell-ltk,2,test
gammu,5,test
gtick,2,test
tntnet,1,test
rust-grcov,2,test
rust-coreutils,16,test
zsync,1,test
haskell-smallcheck,5,test
haskell-gi-vte,7,test
gdbm,3,test
dillo,2,test
haskell-lambdabot-novelty-plugins,1,test
pfstools,3,test
haskell-exact-pi,3,test
libsndfile,5,test
resvg,1,test
pd-iemguts,5,test
haskell-js-flot,1,test
haskell-ini,2,test
darkice,1,test
kernelshark,2,test
consolation,1,test
mighttpd2,9,test
haskell-crypto-pubkey-types,1,test
scanmem,1,test
gnome-dictionary,2,test
libgnome,1,test
lxterminal,1,test
haskell-irc,3,test
mariadb-10.5,3,test
ttfautohint,2,test
fastx-toolkit,4,test
binutils-or1k-elf,3,test
mp3diags,1,test
lttoolbox,2,test
haskell-http-common,5,test
tdbcodbc,2,test
haskell-soap,1,test
pmount,1,test
swaylock,1,test
haskelldb,13,test
phog,1,test
gputils,2,test
fso-deviced,1,test
injeqt,2,test
opusfile,1,test
entangle,1,test
paperkey,1,test
spirv-tools,6,test
wmaker,5,test
qupzilla,1,test
dar,3,test
dateutils,8,test
dvbcut,1,test
arbtt,2,test
bittwist,1,test
darktable,5,test
memtester,1,test
qttools-opensource-src,6,test
pygame-sdl2,1,test
haskell-connection,1,test
setbfree,4,test
gst-plugins-good0.10,4,test
binfmt-support,2,test
haskell-gi-gtk-hs,3,test
cython,11,test
bird,1,test
haskell-sdl-gfx,2,test
haskell-copilot-c99,1,test
qmidiarp,1,test
nullmailer,2,test
uwsgi,5,test
kmymoney,7,test
libticonv,1,test
linpac,1,test
hedgewars,3,test
geos,2,test
kaccessible,1,test
feel++,1,test
plasma-desktop,3,test
haskell-icalendar,12,test
ufoai,3,test
python3.5,1,test
gsasl,2,test
dfcgen-gtk,1,test
haskell-parsec,7,test
byacc-j,1,test
netkit-rsh,4,test
alsa-lib,2,test
haskell-xss-sanitize,1,test
haskell-cabal-doctest,2,test
ip4r,1,test
nurpawiki,1,test
snort,1,test
diskscan,2,test
lmarbles,1,test
ipcalc-ng,1,test
f3,4,test
gitit,4,test
haskell-xml-conduit-writer,1,test
scantailor,4,test
python-sabyenc,3,test
pygtksourceview,1,test
lastpass-cli,1,test
sogo,3,test
varnish,6,test
rxvt,3,test
haskell-colour,9,test
winff,2,test
nwipe,1,test
haskell-log-domain,1,test
python-astropy,6,test
stoken,1,test
haskell-sdl2-ttf,4,test
haskell-haxr,10,test
aptitude,1,test
haskell-scrobble,1,test
openfortivpn,1,test
zinnia,1,test
ecasound,4,test
xautomation,3,test
dwm,2,test
harvid,1,test
lcgdm,2,test
shishi,3,test
haskell-managed,2,test
cabal-debian,4,test
suricata,3,test
netpbm-free,1,test
haskell-xml-hamlet,8,test
coq,4,test
tinyproxy,2,test
libratbag,1,test
librep,2,test
subtitleeditor,3,test
matchbox-desktop,2,test
ibus,1,test
meep-openmpi,1,test
libimobiledevice,7,test
r-cran-cmprsk,1,test
pyxplot,2,test
crowdsec,1,test
pyzmq,3,test
idevicerestore,1,test
a2ps,1,test
haskell-chart-cairo,3,test
php7.3,5,test
haskell-polynomial,1,test
dbus-python,1,test
nss-pam-ldapd,2,test
telepathy-rakia,1,test
qcontrol,1,test
spatialindex,1,test
nitrokey-app,1,test
haskell-charset,7,test
haskell-notmuch-web,1,test
tucnak,5,test
nautilus,1,test
libreswan,8,test
keurocalc,2,test
globus-scheduler-event-generator,1,test
haskell-http-types,5,test
drbd-utils,8,test
haskell-numtype,2,test
bowtie,2,test
libaqbanking,6,test
haskell-x509-system,2,test
lua-filesystem,1,test
httrack,2,test
tuxpaint,4,test
libvorbis,1,test
xz-utils,2,test
chntpw,1,test
haskell-regexpr,4,test
gnomint,2,test
haskell-word8,3,test
granite-7,1,test
igmpproxy,1,test
libgweather,1,test
mm3d,1,test
dico,2,test
libsub-name-perl,1,test
autodock-vina,2,test
munge,1,test
libre-engine-re2-perl,2,test
haskell-filestore,6,test
zulucrypt,2,test
ipe,3,test
python-setproctitle,1,test
fwknop,3,test
haskell-diagrams-cairo,1,test
berusky,1,test
gcompris,1,test
gutenprint,4,test
partclone,3,test
haskell-xml-conduit,5,test
mailtextbody,2,test
vdr-plugin-osdteletext,2,test
gtkpod,1,test
fapg,1,test
hexer,2,test
gnome-nibbles,2,test
grilo-plugins,8,test
tickr,3,test
haskell-ixset-typed,4,test
mate-applets,3,test
falconpl,2,test
afflib,6,test
libxmlada,3,test
haskell-xml-html-qq,1,test
scanssh,1,test
python-dmidecode,1,test
groonga,2,test
litmus,2,test
haskell-hspec-expectations,2,test
roguenarok,1,test
haskell-type-level,2,test
libvpx,2,test
qmidinet,2,test
simpleitk,1,test
haskell-genvalidity,2,test
haskell-tabular,4,test
irssi,4,test
growl-for-linux,1,test
gnome-pie,1,test
libverilog-perl,3,test
wmweather,1,test
swtpm,1,test
kid3,9,test
genwqe-user,1,test
caja-actions,4,test
haskell-sop-core,6,test
haskell-cryptostore,3,test
evolution-ews,2,test
fvwm,2,test
slang2,1,test
tilde,1,test
prometheus-mailexporter,1,test
knxd,1,test
yaz,4,test
iproute2,2,test
orthanc-mysql,2,test
gob2,2,test
haskell-gi-cairo-connector,1,test
cross-toolchain-base,3,test
funtools,2,test
weston,3,test
tk707,5,test
haskell-termonad,1,test
python-djvulibre,2,test
simple-tpm-pk11,4,test
tkdesk,1,test
haskell-pointed,1,test
connectome-workbench,3,test
ocamlnet,3,test
haskell-refact,1,test
bird2,2,test
gnome-keyring,2,test
nilfs-tools,3,test
orocos-kdl,2,test
empathy,3,test
tgt,2,test
mosquitto,1,test
libacme-damn-perl,1,test
libmemcached,2,test
cmtk,4,test
haskell-parseargs,4,test
ssmping,2,test
tor,4,test
omake,1,test
openclonk,3,test
audacious,2,test
kalzium,2,test
scim,3,test
powerman,1,test
gxmessage,1,test
splash,4,test
lugaru,1,test
aylet,1,test
libcrypt-openssl-random-perl,1,test
haskell-gi-xlib,1,test
mriconvert,8,test
smcroute,1,test
uftrace,1,test
global,3,test
xchat,3,test
odb-api,1,test
haskell-sdl-ttf,2,test
open-invaders,1,test
dovecot,16,test
haskell-list,1,test
cupt,1,test
artikulate,1,test
xorg-server,1,test
haskell-tasty-smallcheck,2,test
tig,1,test
hmmer2,3,test
obs-color-monitor,1,test
golang-1.17,2,test
nco,5,test
colorhug-client,1,test
i2pd,1,test
ftphs,1,test
libdiscid,3,test
gkremldk,1,test
gst0.10-python,2,test
pocl,2,test
hackage-tracker,1,test
pinot,2,test
osmcoastline,1,test
heroes,1,test
haskell-lazy-csv,4,test
coinor-csdp,1,test
lame,1,test
libskk,1,test
haskell-test-framework-th-prime,1,test
snapper,1,test
haskell-byteorder,1,test
eurephia,4,test
re2c,1,test
xmonad-wallpaper,1,test
libical,1,test
xfpt,1,test
haskell-netwire,4,test
haskell-convertible,6,test
bppphyview,1,test
swig,1,test
fotoxx,2,test
duc,2,test
libkolab,1,test
netkit-ftp,1,test
haskell-rsa,2,test
nordugrid-arc,9,test
lpc21isp,1,test
dune-common,1,test
gloox,1,test
sparse,1,test
haskell-ranges,1,test
haskell-pipes,6,test
usbview,1,test
miredo,3,test
fityk,2,test
minitube,1,test
haskell-control-monad-loop,2,test
kate4,2,test
kinput2,1,test
farbfeld,2,test
mm,3,test
haskell-taskell,3,test
haskell-ixset,1,test
bogofilter,4,test
scalpel,1,test
openssl,1,test
haskell-diff,4,test
kiwisolver,1,test
haskell-bzlib,5,test
haskell-ekg-core,5,test
ne,1,test
bit-babbler,3,test
android,2,test
vmg,1,test
motif,1,test
geomview,4,test
eblook,1,test
phonon-backend-vlc,2,test
wcalc,1,test
libvisio,2,test
dipy,1,test
libcdr,1,test
rust-cargo-vendor,1,test
libmbim,1,test
phasex,2,test
haskell-copilot-theorem,1,test
libperlio-gzip-perl,1,test
pnm2ppa,1,test
cqrlog,1,test
ogmrip,1,test
prayer,1,test
python-falcon,2,test
haskell-simple-templates,1,test
haskell-data-binary-ieee754,1,test
stress,1,test
kyotocabinet,1,test
xdx,1,test
llvm-toolchain-13,14,test
tumbler,1,test
xpilot-ng,1,test
sfftobmp,1,test
schroot,1,test
haskell-dimensional,5,test
rust-ripasso-cursive,1,test
systemtap,8,test
haskell-data-pprint,1,test
zulu,1,test
ipmitool,1,test
onak,5,test
libperl-destruct-level-perl,1,test
haskell-old-locale,1,test
ibus-skk,1,test
orthanc-wsi,2,test
qflipper,1,test
jags,3,test
php-redis,1,test
gtk2-engines-wonderland,3,test
haskell-readargs,2,test
xmltooling,4,test
photopc,1,test
haskell-open-browser,3,test
abook,1,test
admesh,4,test
netsurf,1,test
dav1d,1,test
linbox,2,test
libalgorithm-diff-xs-perl,1,test
xfce4-session,2,test
icmake,6,test
kigo,1,test
wmmixer,1,test
schroedinger-coordgenlibs,1,test
srain,2,test
deng,1,test
libapache2-mod-qos,1,test
dsmidiwifi,1,test
alsa-utils,3,test
canl-c,2,test
python-greenlet,1,test
haskell-acid-state,8,test
haskell-lucid,2,test
pick,1,test
quagga,2,test
seafile,1,test
predict,1,test
ncmpc,2,test
haskell-blogliterately,2,test
libtasn1-6,1,test
re,3,test
haskell-regex-base,3,test
libaws,1,test
myproxy,2,test
scythe,1,test
yubico-pam,1,test
briquolo,1,test
ledmon,2,test
network-manager-fortisslvpn,2,test
leafnode,3,test
haskell-file-embed,2,test
powermanga,2,test
alevt,1,test
cups-bjnp,1,test
golang-1.18,6,test
bsdgames,1,test
haskell-hsql,2,test
haskell-contravariant,2,test
juk,1,test
libgctp,1,test
jansson,1,test
haskell-argon2,7,test
haskell-certificate,1,test
inkscape,2,test
alsaplayer,1,test
lft,1,test
jnettop,1,test
haskell-js-jquery,1,test
k4dirstat,1,test
obfs4proxy,1,test
quelcom,4,test
inetutils,5,test
mtr,4,test
llvm-toolchain-4.0,10,test
gpsbabel,1,test
libarchive,1,test
rhash,1,test
pdfresurrect,1,test
kdiamond,1,test
quassel,1,test
haskell-validity,2,test
libindi,2,test
lua-curses,1,test
haskell-map-syntax,2,test
libheimdal-kadm5-perl,2,test
python-udatetime,2,test
rust-nitrocli,1,test
pylibmc,2,test
bustle,2,test
squashfs-tools,1,test
gdb-bpf,1,test
hyperscan,1,test
nas,1,test
ldap2dns,1,test
yash,2,test
haskell-base-prelude,1,test
haskell-postgresql-libpq,2,test
libforms,1,test
wmdrawer,1,test
haskell-cpu,6,test
x265,2,test
silo-llnl,3,test
putty,4,test
staden-io-lib,2,test
libnet-z3950-zoom-perl,1,test
cairo,1,test
mininet,1,test
nats.c,1,test
haskell-old-time,4,test
xsd,1,test
miniupnpc,2,test
workrave,2,test
xinetd,1,test
cxxtools,1,test
lua-lpeg,1,test
haskell-quickcheck-io,1,test
mongo-tools,4,test
pandoc-citeproc-preamble,1,test
frameworkintegration,1,test
powerstat,3,test
uucp,2,test
pcsc-lite,2,test
pinball,1,test
globus-gfork,1,test
abcm2ps,1,test
haskell-base-orphans,1,test
gweled,1,test
cppcheck,2,test
intel-gpu-tools,2,test
syncthingtray,1,test
msgpack,1,test
libdevel-cover-perl,1,test
libwps,1,test
haskell-constraints,3,test
serf,1,test
nexus,1,test
libpar-packer-perl,3,test
girara,1,test
sudo,2,test
qbittorrent,1,test
dbmix,1,test
cachefilesd,1,test
krb5,1,test
dconf-editor,2,test
surgescript,2,test
haskell-terminal-size,1,test
zbackup,2,test
cegui-mk2,4,test
rrep,1,test
igraph,1,test
libsys-virt-perl,1,test
pcp,5,test
libiodbc2,2,test
libtorrent,1,test
libirecovery,1,test
e17,2,test
gnubg,2,test
gap,3,test
haskell-gd,2,test
nagios-nrpe,2,test
pycurl,1,test
cwdaemon,2,test
tcs,2,test
glib,2,test
haskell-authenticate,4,test
libhtml-template-pro-perl,1,test
frog,1,test
qhull,3,test
nspr,2,test
kdevelop-php,1,test
network-manager-pptp,1,test
p4est,1,test
pd-zexy,1,test
haskell-simple-reflect,1,test
freeciv,4,test
libsocket-perl,1,test
jack-midi-clock,2,test
gtklp,1,test
enblend-enfuse,1,test
ocaml-atd,1,test
haskell-language-python,1,test
tuxmath,2,test
strace,1,test
nemiver,1,test
rofi,1,test
compton,2,test
devilspie2,1,test
smtube,1,test
mate-netbook,1,test
lldpad,1,test
haskell-irc-core,8,test
libdata-uuid-perl,1,test
boxes,1,test
libwpd,1,test
nicstat,1,test
haskell-csv-conduit,4,test
phototonic,1,test
soundkonverter,2,test
feedreader,2,test
liblouis,2,test
jvim,1,test
gpa,1,test
chocolate-doom,4,test
ocamlgraph,1,test
fbset,1,test
pdfsandwich,1,test
blcr,4,test
gpm,1,test
libcrypt-openssl-dsa-perl,1,test
ruby-passenger,1,test
haskell-chunked-data,2,test
rasterio,1,test
dspdfviewer,3,test
giza,1,test
thinkfan,1,test
dfu-util,1,test
praat,2,test
unagi,1,test
libsendmail-milter-perl,2,test
perl,12,test
ocaml-cohttp,1,test
synfig,2,test
haskell-pid1,2,test
jamnntpd,1,test
passenger,7,test
haskell-code-page,1,test
mozjs102,1,test
ntirpc,2,test
multipath-tools,1,test
abootimg,1,test
libodsstream,2,test
haskell-echo,2,test
wicd-kde,1,test
algol68g,1,test
ipvsadm,1,test
atdgen,3,test
haskell-authenticate-oauth,1,test
phodav,1,test
haskell-formatting,3,test
numatop,1,test
cups-filters,2,test
jpegoptim,1,test
datovka,1,test
tntdb,2,test
imagemagick,1,test
scummvm-tools,4,test
bwa,1,test
gnome-applets,1,test
xvkbd,1,test
rust-laurel,1,test
libfile-fcntllock-perl,1,test
fis-gtm,2,test
haskell-wl-pprint-annotated,1,test
gavl,1,test
avce00,2,test
haskell-infer-license,1,test
network-manager-applet,2,test
haskell-cprng-aes,1,test
trayer,1,test
haskell-categories,2,test
scdoc,2,test
gazebo,1,test
talloc,1,test
phosh,3,test
nx-libs,1,test
haskell-yi-rope,2,test
kspaceduel,1,test
libinstpatch,1,test
fcitx5-qt,1,test
komparator,1,test
goodvibes,1,test
viking,1,test
psi,3,test
peco,1,test
hcxtools,3,test
xcowsay,1,test
pcal,1,test
librelp,2,test
kdevelop-pg-qt,1,test
mate-power-manager,2,test
haskell-stringsearch,1,test
ctsim,2,test
haskell-classy-prelude-yesod,2,test
qsopt-ex,1,test
gddrescue,1,test
libibverbs,1,test
gstreamer1.0,3,test
wmbutton,1,test
libcryptx-perl,1,test
pasystray,1,test
golang-1.13,2,test
paho.mqtt.c,2,test
packagekit,2,test
libtorrent-rasterbar,3,test
ppl,1,test
haskell-time-parsers,1,test
nabi,1,test
crispy-doom,1,test
wmifs,1,test
xbs,6,test
kinfocenter,1,test
darksnow,1,test
brasero,1,test
gnome-books,1,test
rnp,2,test
userinfo,1,test
largetifftools,1,test
pan,2,test
exo,3,test
mplayer,5,test
haskell-keys,2,test
ido,1,test
haskell-data-hash,1,test
haskell-servant-server,1,test
apt-dater,2,test
haskell-json,4,test
xbindkeys-config,1,test
libauthen-smb-perl,1,test
aranym,2,test
haskell-safesemaphore,1,test
haskell-unexceptionalio,1,test
haskell-io-streams-haproxy,2,test
haskell-cipher-aes,1,test
haskell-lambdabot-social-plugins,1,test
ndpi,1,test
evilvte,1,test
stylish-haskell,1,test
rr,1,test
disk-filltest,1,test
udisks2,1,test
haskell-hspec-attoparsec,1,test
maim,1,test
vips,2,test
gnome-panel,2,test
qstardict,3,test
expect,1,test
haskell-sandi,4,test
cc1541,1,test
packagesearch,1,test
ginac,1,test
polymake,1,test
sfepy,1,test
amule,2,test
pmix,2,test
haskell-tf-random,2,test
lomiri-telephony-service,1,test
dacs,1,test
astroscrappy,1,test
strigi,1,test
mupen64plus-video-glide64mk2,1,test
nasm-mozilla,1,test
gpyfft,1,test
vnstat,2,test
icecc-monitor,1,test
swish++,2,test
zutils,1,test
flam3,2,test
monit,1,test
haskell-geniplate-mirror,1,test
chibi-scheme,2,test
haskell-cereal,2,test
freesasa,1,test
hoz,1,test
actor-framework,3,test
haskell-hashable,1,test
curvedns,2,test
haskell-these,4,test
rssh,1,test
sslh,2,test
tpm2-tools,3,test
lcdf-typetools,2,test
haskell-network-info,1,test
kppp,1,test
openkim-models,1,test
lifelines,1,test
pdf2djvu,1,test
haskell-hxt-xslt,2,test
gdnsd,2,test
xmlrpc-c,1,test
libfont-freetype-perl,1,test
lilv,2,test
psignifit,1,test
japa,1,test
apper,1,test
kanatest,1,test
sra-sdk,1,test
sludge,1,test
eiciel,2,test
setserial,1,test
haskell-hjsmin,1,test
haskell-pcre-light,2,test
batctl,1,test
c,1,test
kdevelop,2,test
marco,1,test
hexchat-otr,1,test
wmfire,1,test
xmlsec1,1,test
citadel-client,1,test
cdebootstrap,1,test
aide,3,test
newlisp,2,test
python-jpype,1,test
loadmeter,1,test
fcitx-libpinyin,1,test
reiser4progs,2,test
freexl,1,test
libsys-meminfo-perl,1,test
ganeti,5,test
ltt-control,5,test
libebml,1,test
haskell-pointedlist,1,test
haskell-diagrams-gtk,3,test
screentest,3,test
bgpq4,1,test
pente,2,test
libkkc,2,test
msort,1,test
upx-ucl,1,test
haskell-openpgp-asciiarmor,1,test
lua-expat,1,test
haskell-boring,2,test
haskell-rate-limit,1,test
vim,1,test
kcov,1,test
cross-binutils,3,test
haskell-either,2,test
xplc,1,test
lua-zlib,2,test
ctpp2,2,test
arctica-greeter,1,test
libfunction-parameters-perl,1,test
pd-lua,1,test
mlterm,4,test
libidn,2,test
goxel,2,test
haskell-monad-memo,1,test
rxvt-unicode,1,test
efte,4,test
lives,1,test
haskell-unix-compat,2,test
haskell-numtype-dk,13,test
gr-osmosdr,1,test
kopanocore,2,test
pdns-recursor,1,test
linphone-desktop,1,test
libapache-authenhook-perl,2,test
haskell-boundedchan,2,test
libkpeople,1,test
otpclient,1,test
haskell-should-not-typecheck,1,test
ax25-apps,1,test
jss,1,test
ht,1,test
libdca,2,test
libdevel-declare-perl,1,test
diffstat,1,test
haskell-quickcheck-safe,1,test
dropbear,3,test
libxml-sax-expatxs-perl,1,test
triplane,1,test
qpdf,1,test
haskell-hclip,2,test
haskell-http-download,1,test
pgpool2,4,test
libstaroffice,1,test
libfilesys-df-perl,1,test
manaplus,1,test
libpst,1,test
ros-robot-state-publisher,2,test
sn,4,test
mcpp,1,test
upower,2,test
amsynth,2,test
mrtrix3,2,test
highlight,1,test
i2c-tools,1,test
haskell-ipynb,4,test
tuxpaint-config,1,test
haskell-doctemplates,3,test
jp2a,1,test
xbubble,1,test
network-manager,2,test
vdr-plugin-mp3,2,test
ibutils,1,test
erofs-utils,1,test
haskell-x509-store,1,test
libchamplain,1,test
xdvik-ja,1,test
haskell-yesod-bin,1,test
kdevplatform,2,test
gstreamer-editing-services1.0,3,test
glabels,1,test
madlib,1,test
mariadb-10.6,5,test
delly,1,test
source-highlight,1,test
haskell-ap-normalize,1,test
samtools,1,test
libpromise-xs-perl,1,test
libdrumstick,1,test
evolvotron,1,test
haskell-casa-client,1,test
directvnc,1,test
haskell-mwc-random,1,test
qstopmotion,1,test
libcgns,2,test
haskell-th-bang-compat,1,test
xkeycaps,1,test
s390-tools,1,test
moon-buggy,3,test
libaudio-scan-perl,1,test
haskell-profunctors,5,test
gst-libav1.0,1,test
akonadi-mime,1,test
opendnssec,4,test
bgpdump,1,test
pd-vbap,1,test
verilator,3,test
wmtop,2,test
zstd,1,test
discosnp,1,test
antiword,3,test
synopsis,2,test
haskell-atomic-write,1,test
kdevelop-php-docs,1,test
sysvinit,2,test
haskell-crypto-random-api,1,test
rumur,3,test
sispmctl,1,test
gthumb,1,test
haskell-hsh,1,test
fastani,1,test
net-tools,2,test
gbonds,1,test
haskell-bloomfilter,5,test
haskell-monadprompt,1,test
spass,1,test
mathwar,1,test
haskell-gi-freetype2,1,test
apcupsd,2,test
clips,1,test
turnserver,1,test
btrfs-progs,3,test
libapache2-mod-auth-gssapi,1,test
ristretto,1,test
mozjs78,3,test
fnotifystat,1,test
haskell-data-clist,1,test
haskell-hex,3,test
slinkwatch,2,test
haskell-thyme,6,test
liburl-encode-xs-perl,1,test
libimage-seek-perl,1,test
reiserfsprogs,1,test
synfigstudio,1,test
kf5-messagelib,1,test
libsodium,1,test
sphinxsearch,3,test
rawtherapee,1,test
iptraf-ng,1,test
cutefish-core,1,test
policykit-1,1,test
nec,1,test
glade,1,test
labrea,1,test
insighttoolkit4,3,test
neovim,3,test
eog,1,test
libjaxp1.3-java,1,test
x2goclient,1,test
apt,2,test
mame,1,test
hdbc-postgresql,1,test
pd-fftease,1,test
cantor,1,test
gnome-boxes,2,test
rrdcollect,1,test
haskell-lens-family-core,1,test
haskell-sockaddr,1,test
haskell-harp,1,test
elan,1,test
libfreecontact-perl,1,test
rootlesskit,1,test
libtins,1,test
libterm-readkey-perl,1,test
grandorgue,1,test
haskell-abstract-deque,1,test
swac-get,1,test
mkcert,1,test
usbprog,1,test
cg3,2,test
pyregion,1,test
scrot,2,test
dragon,1,test
fiona,1,test
libcanberra,1,test
kradio4,2,test
gpsim,3,test
dmrgpp,1,test
spawn-fcgi,1,test
bolt,1,test
ruby3.1,1,test
libposix-strptime-perl,1,test
librsvg,2,test
gifsicle,1,test
rlpr,2,test
pulseview,1,test
cksfv,1,test
globus-ftp-control,1,test
adplay,1,test
haskell-tagged,4,test
konsole4,1,test
fckit,1,test
wmpuzzle,1,test
pgcopydb,1,test
tiff,2,test
squid,6,test
patat,2,test
spglib,1,test
netsniff-ng,3,test
libb-hooks-op-check-perl,2,test
drumkv1,1,test
tcl8.5,1,test
haskell-libzip,1,test
python3.4,1,test
klog,1,test
llvm-toolchain-3.9,7,test
dfu-programmer,1,test
tagcoll2,1,test
wmhdplop,1,test
fetchmail,1,test
nwchem,1,test
dnscap,1,test
libinline-python-perl,2,test
haskell-base16-bytestring,2,test
wmfsm,1,test
libcsfml,2,test
libhtp,2,test
heaptrack,1,test
open-iscsi,1,test
quicksynergy,1,test
lz4tools,1,test
haskell-generics-sop,5,test
haskell-dav,2,test
wordgrinder,1,test
trace-cmd,1,test
emu8051,3,test
sciteproj,1,test
skrooge,1,test
gnomekiss,1,test
kmidimon,1,test
mozjs60,1,test
vgrabbj,1,test
haskell-wai-http2-extra,1,test
volk,1,test
xfconf,3,test
libnfc,1,test
gle-graphics,1,test
trickle,1,test
ghex,1,test
php-horde-lz4,2,test
cpufreqd,1,test
elektroid,1,test
lxc,3,test
libipc-sharelite-perl,1,test
cairo-dock,2,test
haskell-store-core,2,test
microcom,1,test
t1utils,3,test
libmsgcat-perl,1,test
dosbox,4,test
libcache-mmap-perl,1,test
mod-gearman,3,test
cavezofphear,1,test
gnubik,1,test
mate-utils,2,test
modemmanager,1,test
libpodofo,2,test
namazu2,1,test
hoichess,1,test
nagios3,1,test
glpk,1,test
pg-auto-failover,1,test
rate4site,2,test
haskell-hslua-module-path,1,test
gdm3,1,test
kolourpaint,1,test
profanity,1,test
xpa,2,test
gdb-mingw-w64,1,test
pkcs11-dump,1,test
haskell-ansi-wl-pprint,1,test
palbart,1,test
libpillowfight,1,test
njplot,2,test
pcsxr,2,test
libfreenect,1,test
esys-particle,2,test
pcl,5,test
lua50,1,test
plocate,2,test
haskell-unicode-data,1,test
bpfmon,1,test
gpaint,1,test
zita-bls1,1,test
direnv,2,test
pal,1,test
haskell-options,4,test
libcgi-struct-xs-perl,1,test
mdadm,1,test
haskell-cracknum,4,test
freeipa,1,test
netkit-rwho,2,test
cutils,4,test
smstools,1,test
csvimp,1,test
thrift,2,test
partimage,2,test
redland,1,test
zim-tools,1,test
libpdl-ccs-perl,1,test
alarm-clock-applet,1,test
haskell-reflection,1,test
liblastfm,1,test
jfsutils,2,test
pglogical,1,test
gkrellm2-cpufreq,1,test
mswatch,1,test
xwiimote,2,test
libapreq2,3,test
cmark,1,test
glbinding,1,test
qtcurve,2,test
golang-ginkgo,3,test
razorqt,2,test
xfce4-pulseaudio-plugin,1,test
haskell-tasty-lua,1,test
haskell-hxt-unicode,2,test
crrcsim,1,test
fenics-dolfinx,1,test
meep,1,test
datamash,1,test
eiskaltdcpp,3,test
cluster-glue,1,test
probalign,1,test
gnuchess,1,test
haskell-stateref,2,test
morla,1,test
libhash-fieldhash-perl,1,test
nano,1,test
haskell-syb,2,test
gearhead,2,test
zita-resampler,1,test
bitcoin,1,test
why3,3,test
mutter,5,test
atlc,2,test
hdbc-odbc,2,test
haskell-ghc-exactprint,1,test
libdigest-sha3-perl,1,test
xneur,2,test
eccodes,2,test
doxygen,2,test
prips,1,test
xd,1,test
sailcut,1,test
cadabra,2,test
libsort-key-top-perl,1,test
xfce4-wavelan-plugin,1,test
wdiff,1,test
uget,1,test
socket,1,test
ujson,1,test
elfrc,1,test
horst,1,test
remind,1,test
oxygen,1,test
eviacam,1,test
kexec-tools,1,test
openmsx,1,test
tracker,1,test
openscap,2,test
haskell-yesod-auth-oauth2,1,test
owl,1,test
cc65,1,test
gensio,1,test
cdrdao,2,test
haskell-unixutils,1,test
haskell-selective,5,test
rust-bat,1,test
ispell,1,test
davix,2,test
flamp,2,test
opensubdiv,3,test
intel-mediasdk,1,test
haskell-objectname,2,test
liboop,1,test
haskell-monad-unlift,1,test
golang-github-evanw-esbuild,1,test
soapyremote,1,test
id3lib3.8.3,1,test
msitools,2,test
haskell-chell-quickcheck2,1,test
hisat2,1,test
duo-unix,1,test
libautovivification-perl,1,test
glhack,1,test
bitwise,1,test
vbindiff,1,test
haskell-pipes-attoparsec,1,test
recoll,6,test
codfis,1,test
gnome-builder,1,test
maude,1,test
python-gssapi,1,test
easyh10,1,test
alire,1,test
gpaste,3,test
peek,1,test
qxgedit,1,test
deepin-screen-recorder,1,test
pconsole,1,test
cb2bib,2,test
kdelibs4support,3,test
searchandrescue,1,test
prometheus-hacluster-exporter,2,test
babeltrace,1,test
crossfire-client,1,test
python-fontconfig,1,test
wuzzah,1,test
haskell-type-equality,1,test
haskell-dyre,1,test
utop,1,test
libcrypt-des-perl,2,test
pmdk,1,test
vsftpd,2,test
biosig4c++,1,test
minica,1,test
jconvolver,1,test
flake,2,test
xwatch,2,test
signond,1,test
ruby-curb,1,test
freediameter,1,test
squashfs-tools-ng,2,test
cross-toolchain-base-ports,2,test
zp,1,test
libsys-cpu-perl,1,test
ofono,1,test
haskell-time-locale-compat,1,test
pyside2,1,test
lagan,2,test
haskell-erf,4,test
stacks,1,test
xsystem35,1,test
plasma-framework,1,test
kwallet-kf5,1,test
magic-haskell,3,test
libfile-sync-perl,1,test
xsane,2,test
neat,1,test
haskell-hastache,3,test
xfce4-notes-plugin,1,test
icecc,1,test
haskell-classy-prelude-conduit,1,test
haskell-intervals,2,test
haskell-tasty-hunit,2,test
package-update-indicator,1,test
python-mysqldb,1,test
flatpak-builder,1,test
ggcov,1,test
mate-terminal,1,test
ffcall,1,test
lrzsz,1,test
lepton-eda,1,test
sitecopy,1,test
bc,2,test
sway,1,test
drumgizmo,2,test
pgfincore,1,test
xbindkeys,1,test
sfront,1,test
haskell-monads-tf,1,test
haskell-curve25519,2,test
swupdate,1,test
haskell-semigroups,1,test
qmenu,1,test
libxr,2,test
gnome-terminal,1,test
fplll,1,test
kremotecontrol,1,test
wyrd,1,test
ebtables,1,test
seccure,1,test
aspcud,1,test
libfuture-asyncawait-perl,1,test
sysprof,1,test
lighttpd,1,test
libdigest-crc-perl,1,test
swarp,1,test
libcds,1,test
wabt,2,test
gbgoffice,1,test
bomberclone,1,test
pipexec,2,test
thunar-vcs-plugin,1,test
dvbstreamer,1,test
fcitx-qt5,1,test
mandos,1,test
rust-difference,1,test
kdeplasma-addons,1,test
haskell-decimal,1,test
quitcount,1,test
haskell-time-manager,1,test
inoticoming,1,test
vino,2,test
dustrac,1,test
cook,1,test
libdata-messagepack-perl,1,test
gffread,1,test
libexadrums,1,test
libio-pty-perl,1,test
libsolv,2,test
zegrapher,1,test
libm4ri,1,test
hachu,1,test
tdbcmysql,1,test
neon27,1,test
certspotter,1,test
faad2,1,test
fsvs,1,test
snp-sites,1,test
golang-1.7,3,test
haskell-gloss-rendering,1,test
python-gudev,1,test
gpdftext,1,test
powertop,2,test
yapet,1,test
xcfa,1,test
fort-validator,1,test
wxmaxima,1,test
ksysguard,1,test
gamgi,1,test
awf-gtk,1,test
wmshutdown,1,test
haskell-lens-aeson,2,test
haskell-happstack-authenticate,1,test
libproc-wait3-perl,1,test
earlyoom,2,test
haskell-hxt-charproperties,1,test
lprint,1,test
ocaml-batteries,1,test
qmapshack,2,test
gkrelltop,1,test
xshisen,1,test
prometheus-exporter-exporter,1,test
ext4magic,1,test
pyodbc,1,test
darkradiant,3,test
madwimax,1,test
pasdoc,2,test
spacearyarya,1,test
garli,1,test
nftables,1,test
libopenmpt,1,test
haskell-html,3,test
libpng1.6,2,test
molds,1,test
fuse,1,test
libibtk,1,test
gyrus,1,test
sound-juicer,1,test
libgig,1,test
qstat,1,test
ossim,1,test
policycoreutils,2,test
matplotlib2,1,test
synthv1,1,test
php-uploadprogress,1,test
pegsolitaire,1,test
globus-gram-job-manager-fork,2,test
gwyddion,2,test
golang-1.15,2,test
haskell-status-notifier-item,3,test
nethogs,2,test
haskell-reform-happstack,1,test
haskell-shellac,1,test
kolf,1,test
haskell-store,2,test
xlog,1,test
haskell-statestack,1,test
undbx,1,test
djvulibre,2,test
stella,1,test
haskell-openal,1,test
bro,1,test
pqiv,1,test
ogamesim,1,test
dtach,1,test
pcre3,1,test
prometheus-ipmi-exporter,1,test
dwdiff,1,test
epics-base,1,test
kdewebdev,2,test
pinentry,1,test
alkimia,1,test
goldencheetah,1,test
netcat-openbsd,1,test
haskell-data-ordlist,1,test
icinga,3,test
mupen64plus-audio-sdl,1,test
libccaudio2,1,test
subtle,1,test
djmount,1,test
glob2,1,test
gerbv,1,test
libcdio,4,test
python-pyalsa,1,test
haskell-yesod-newsfeed,1,test
dcap,2,test
mpsolve,1,test
gimagereader,2,test
teensy-loader-cli,1,test
opencu,1,test
crawl,1,test
libconvert-scalar-perl,1,test
guestfs-tools,2,test
mrd6,1,test
kobodeluxe,1,test
grpc,1,test
mutt,1,test
weborf,1,test
fuzzel,1,test
tokyocabinet,1,test
motion,1,test
haskell-path-io,1,test
fife,1,test
zorp,1,test
pavucontrol,1,test
glyr,1,test
jam,1,test
snd,2,test
audex,1,test
openr2,1,test
haskell-data-default,3,test
alure,1,test
kde-gtk-config,1,test
sipwitch,1,test
acpi,2,test
haskell-email-validate,1,test
watchman,1,test
libgda5,1,test
haskell-hopenpgp-tools,1,test
haskell-hcwiid,3,test
libqapt,1,test
zziplib,2,test
haskell-xdg-basedir,2,test
unpaper,3,test
libuv1,1,test
colobot,2,test
sabctools,1,test
haskell-regex-tdfa-text,1,test
cgreen,1,test
libcompress-raw-bzip2-perl,1,test
rust-condure,1,test
scrm,2,test
cargo-mozilla,1,test
desktopfolder,1,test
engrampa,1,test
kubernetes-split-yaml,1,test
tclreadline,1,test
opus,2,test
cloudcompare,2,test
libssh2,1,test
pandas,3,test
transrate-tools,1,test
mergerfs,1,test
graphviz,1,test
haskell-semirings,1,test
pasmo,1,test
aldo,2,test
haskell-versions,1,test
frobby,1,test
acsccid,1,test
freemedforms-project,1,test
realmd,1,test
autodir,1,test
dreamchess,1,test
libevent,1,test
t4kcommon,1,test
qimgv,1,test
lua5.3,1,test
nipy,1,test
aces3,1,test
gnome-clocks,1,test
python-ethtool,1,test
tcl-fitstcl,1,test
tkrzw,1,test
gparted,1,test
haskell-mtlparse,1,test
vdr-plugin-femon,1,test
python-cffi,2,test
pyotherside,1,test
libdvdnav,1,test
lhasa,1,test
tideways,1,test
tint2,1,test
lv,1,test
haskell-bytestring-lexing,1,test
lgogdownloader,2,test
feh,1,test
alljoyn-services-1504,2,test
libunix-mknod-perl,1,test
gbsplay,1,test
haskell-ansi-terminal,1,test
ddpt,1,test
haskell-src-meta,1,test
haskell-text-format,1,test
massxpert,1,test
python-cups,2,test
lsyncd,1,test
haskell-base64,1,test
enigma,1,test
wvstreams,1,test
bristol,1,test
liblivemedia,1,test
paho,2,test
id-utils,1,test
ploticus,1,test
haskell-monadrandom,3,test
telepathy-salut,1,test
libkolabxml,1,test
physamp,2,test
haskell-template,2,test
acl,1,test
python3.7,1,test
libhtml-escape-perl,1,test
zeitgeist,1,test
achilles,2,test
elpi,1,test
ffe,1,test
stterm,1,test
clipit,1,test
haskell-haddock-library,1,test
gmotionlive,1,test
critterding,1,test
scite,1,test
mvdsv,1,test
pcre,1,test
raster3d,1,test
yade,1,test
libev-perl,1,test
libbpf,1,test
libbackuppc-xs-perl,1,test
squeak-vm,1,test
kiwix-tools,1,test
psmisc,1,test
detox,1,test
qtkeychain,1,test
ibus-unikey,1,test
haskell-tasty-th,1,test
vobcopy,2,test
nagios4,2,test
uacme,1,test
mpd,1,test
harfbuzz,1,test
balsa,1,test
mate-indicator-applet,1,test
dvd+rw-tools,1,test
php-pinba,2,test
haskell-dotgen,1,test
shelltestrunner,1,test
webissues,1,test
eureka,1,test
mariadb-10.0,1,test
awesome,1,test
mc,1,test
plee-the-bear,1,test
python-pyo,2,test
atlas-ecmwf,1,test
haskell-stringprep,1,test
ragel,1,test
libucimf,1,test
arptables,1,test
aspic,1,test
cawbird,1,test
wtdbg2,1,test
nbd,1,test
jreen,1,test
vdr-plugin-vnsiserver,1,test
ethflux,1,test
bandage,1,test
netcdf-parallel,1,test
garlic,1,test
orc,1,test
lwatch,1,test
qdirstat,1,test
egenix-mx-base,3,test
liblognorm,1,test
tcpflow,1,test
pcsc-tools,1,test
mongodb,1,test
bsd-finger,1,test
http-parser,1,test
yersinia,1,test
haskell-stringbuilder,1,test
haskell-binary-parsers,1,test
geant321,1,test
haskell-crypto-random,1,test
haskell-dbus-hslogger,1,test
qtdeclarative-opensource-src,1,test
nvme-cli,1,test
mir,1,test
ats2-lang,1,test
lbreakouthd,1,test
reprepro,1,test
python-reportlab,2,test
doublecmd,2,test
haskell-wai-app-static,2,test
gnome-shell,2,test
lnav,1,test
dwz,1,test
tetgen,1,test
gnunet,2,test
libpappsomspp,1,test
haskell-kvitable,1,test
gocryptfs,1,test
e2guardian,1,test
yrmcds,2,test
libgeo-shapelib-perl,1,test
xwrited,1,test
sigma-align,1,test
edfbrowser,1,test
dbus-glib,2,test
haskell-http-reverse-proxy,1,test
globus-gass-transfer,1,test
ostree,2,test
ruby-gnome2,1,test
ccontrol,1,test
pianobooster,1,test
easyeffects,1,test
booth,1,test
tcltrf,1,test
gosu,1,test
libburn,2,test
soapyaudio,1,test
proftpd-mod-fsync,1,test
gniall,1,test
jellyfish,2,test
ktp-call-ui,1,test
allelecount,1,test
pstoedit,1,test
libdumbnet,2,test
love,1,test
dibbler,2,test
geg,1,test
gpp,1,test
postgresql-9.4,1,test
libperlio-utf8-strict-perl,1,test
mp3blaster,1,test
telegram-purple,1,test
haskell-cryptohash-conduit,1,test
db5.3,1,test
nbtscan,1,test
haskell-hssyck,1,test
macs,1,test
r-cran-gstat,1,test
fcitx5-rime,1,test
gobuster,1,test
folks,1,test
frotz,1,test
jbig2dec,1,test
exim4,1,test
sanduhr,1,test
caml2html,1,test
libyang2,1,test
fakeroot,1,test
calcoo,1,test
mpg123,1,test
hyperestraier,1,test
ppp,3,test
minisign,1,test
gnome-todo,1,test
haskell-vector-algorithms,1,test
libsocialweb,1,test
logrotate,1,test
haskell-hgl,1,test
r-cran-rwave,1,test
iwyu,1,test
lightdm,1,test
pushpin,2,test
flmsg,1,test
proftmb,1,test
healpix-cxx,1,test
openjpeg,1,test
haskell-alsa-mixer,2,test
haskell-data-default-instances-old-locale,1,test
rgxg,1,test
aha,1,test
gnome-control-center,1,test
frozen-bubble,1,test
fookb,1,test
icoutils,1,test
libqrencode,1,test
ksh93u+m,1,test
gmediaserver,1,test
postgresql-mysql-fdw,1,test
haskell-blaze-textual,2,test
libsepol,1,test
yamdi,1,test
libopengl-xscreensaver-perl,1,test
ng-utils,1,test
libbluray,3,test
rust-ripgrep,1,test
i2masschroq,1,test
slwildcard,1,test
xmount,1,test
openvpn,1,test
haskell-data-inttrie,1,test
haskell-ghc-mtl,1,test
doomsday,1,test
haskell-witherable,1,test
ros-kdl-parser,1,test
astroidmail,1,test
keyutils,1,test
attr,1,test
cardpeek,1,test
fcrackzip,1,test
sqlite,1,test
hackrf,2,test
libfilezilla,1,test
postgresql-9.6,1,test
haskell-io-choice,1,test
biloba,1,test
python-pytc,1,test
only,1,test
libgcrypt20,1,test
fstransform,2,test
haskell-ghc-paths,1,test
haskell-data-default-instances-base,1,test
gdb-arm-none-eabi,1,test
buddy,1,test
libdevel-size-perl,1,test
cmst,1,test
xdp-tools,1,test
nextcloud-desktop,1,test
teeworlds,1,test
ros-geometry2,1,test
renameutils,2,test
libcompress-bzip2-perl,1,test
python-hidapi,1,test
haskell-lambdabot-misc-plugins,1,test
flexbar,1,test
psi4,2,test
phosh-tour,1,test
epson-inkjet-printer-escpr,1,test
bvi,1,test
prometheus-haproxy-exporter,1,test
gcc-bpf,1,test
gigedit,1,test
mupen64plus-core,1,test
vfu,2,test
zxing-cpp,2,test
libressl,1,test
openrpt,1,test
haskell-bitwise,1,test
mednaffe,1,test
guile-gcrypt,1,test
haskell-hostname,1,test
libhbaapi,1,test
haskell-filelock,1,test
mz,1,test
grcompiler,1,test
kissfft,1,test
python-wheezy.template,1,test
gnome-calls,1,test
cacti-spine,1,test
libdigest-jhash-perl,1,test
konquest,1,test
haskell-stream,1,test
vala-panel,1,test
libencode-hanextra-perl,2,test
haskell-hspec-contrib,1,test
afterstep,1,test
libytnef,1,test
ortp,1,test
gamemode,1,test
maildrop,1,test
birdfont,1,test
libtrue-perl,1,test
netmask,1,test
haskell-libxml-sax,1,test
bfm,2,test
haskell-mutable-containers,1,test
haskell-copilot,1,test
golang-github-alecthomas-chroma-v2,1,test
alfred,1,test
xjig,1,test
gnome-system-log,2,test
nip2,1,test
haskell-set-extra,1,test
yoshimi,1,test
reposurgeon,2,test
glib-networking,1,test
haskell-x11-xft,2,test
png2html,1,test
kxstitch,1,test
lvm2,1,test
optipng,1,test
haskell-data-memocombinators,2,test
lief,1,test
nextpnr,1,test
happy,1,test
haskell-heaps,1,test
xylib,1,test
proftpd-mod-case,1,test
ausweisapp2,1,test
imapfilter,1,test
golly,1,test
haskell-data-fix,1,test
epic4,1,test
haskell-haskell-gi-base,1,test
haskell-text-short,1,test
fenics-basix,1,test
c-icap,1,test
coriander,1,test
haskell-base-compat-batteries,1,test
cinnamon-settings-daemon,1,test
mpg321,1,test
clazy,1,test
wmforkplop,1,test
spice,1,test
ruby-rdiscount,1,test
haskell-generic-deriving,1,test
lxrandr,1,test
rtorrent,1,test
dmalloc,1,test
zhcon,1,test
tcc,1,test
dnsproxy,1,test
siril,1,test
openvas-cli,1,test
mhwaveedit,2,test
fatcat,1,test
pencil2d,1,test
libcangjie,1,test
yacas,1,test
gnome-font-viewer,1,test
xsol,1,test
libloki,1,test
jailkit,1,test
beanstalkd,1,test
simple-scan,1,test
haskell-reform-hsp,1,test
haskell-microlens,1,test
grafx2,1,test
gr-gsm,1,test
anacron,1,test
haskell-web-routes-boomerang,1,test
virt-viewer,1,test
libnet-dbus-glib-perl,1,test
android-platform-tools,1,test
robojournal,1,test
porg,1,test
gtk2hs-buildtools,1,test
libindirect-perl,1,test
rsync,1,test
gitlab-ci-multi-runner,1,test
libconfig-augeas-perl,1,test
rust-dfrs,1,test
rust-sniffglue,1,test
ttylog,1,test
yaskkserv,2,test
haskell-vte,1,test
kimageformats,1,test
k3b,1,test
aghermann,1,test
spellutils,1,test
libopencsd,1,test
aoflagger,1,test
asunder,1,test
kscreen,1,test
libextractor,1,test
axel,1,test
libkf5libkdepim,1,test
robustirc-bridge,1,test
xemacs21,1,test
easytag,1,test
libintl-perl,1,test
gnome-console,1,test
netkit-tftp,1,test
prime-phylo,2,test
xcb,1,test
goffice-0.8,1,test
pragha,1,test
pg-similarity,1,test
haskell-tensor,1,test
gjay,1,test
fluxbox,1,test
baloo-kf5,1,test
mate-control-center,1,test
libgpiv,1,test
shadowsocks-v2ray-plugin,1,test
devil,1,test
libminc,1,test
lunzip,1,test
flatpak-xdg-utils,1,test
czmq,1,test
veroroute,1,test
gnusim8085,1,test
wmix,1,test
haskell-mountpoints,1,test
fcitx5,1,test
haskell-time-compat,1,test
openal-soft,1,test
esnacc,1,test
ftxui,1,test
haskell-load-env,1,test
libauthen-pam-perl,1,test
lua-augeas,1,test
libsgml-parser-opensp-perl,1,test
iagno,1,test
libfilter-perl,1,test
gssdp,1,test
opensp,1,test
pgbackrest,2,test
mpc,1,test
zalign,1,test
ibus-zhuyin,1,test
procenv,1,test
batmand,1,test
gnome-session,1,test
rust-rav1e,1,test
haskell-xmlgen,1,test
haskell-exceptions,1,test
dislocker,1,test
librecad,1,test
chiaki,1,test
appstream-glib,1,test
qalculate-gtk,1,test
dnsperf,1,test
libterm-slang-perl,1,test
yagiuda,1,test
yubiserver,1,test
intel2gas,1,test
lxtask,1,test
haskell-deriving-compat,1,test
fossil,1,test
figlet,1,test
fever,1,test
gnotime,1,test
newt,1,test
haskell-monoid-extras,1,test
threadscope,1,test
haskell-th-compat,1,test
haskell-torrent,1,test
sheepdog,1,test
libzc,1,test
petri-foo,1,test
xdu,1,test
haskell-raw-strings-qq,1,test
ats-lang-anairiats,1,test
convlit,1,test
kbibtex,1,test
genius,1,test
cpustat,1,test
libzip,1,test
mumudvb,1,test
masscan,1,test
haskell-copilot-libraries,1,test
libav,1,test
liblas,1,test
spiped,1,test
ccid,1,test
libvirt-glib,1,test
libdbd-sqlite2-perl,1,test
gemdropx,1,test
prometheus-elasticsearch-exporter,1,test
mathomatic,1,test
golang-gogoprotobuf,1,test
gource,1,test
kamerka,1,test
jove,1,test
libhtml-parser-perl,1,test
minder,1,test
haskell-githash,1,test
rep-gtk,1,test
libgtk2-trayicon-perl,1,test
libmaxmind-db-reader-xs-perl,1,test
moonshot-ui,1,test
wmmoonclock,1,test
air-quality-sensor,1,test
haskell-jira-wiki-markup,1,test
slapi-nis,1,test
yubikey-personalization,1,test
cutemaze,1,test
xmlroff,1,test
haskell-witch,1,test
pymad,1,test
gkrellm-radio,1,test
mupen64plus-video-rice,1,test
gtimer,1,test
mtbl,1,test
xiccd,1,test
proftpd-mod-vroot,1,test
evince,1,test
fairy-stockfish,1,test
haskell-diagrams-solve,1,test
bijiben,1,test
haskell-haddock,1,test
libscalar-list-utils-perl,1,test
haskell-relational-query-hdbc,1,test
TOTAL test,20000,test
TOTAL train,80000,train
